productId,name,brand,category,categoryGroup,variantGroup,variantName,unit,price,price1,price10,price30,price50,price100,price500,price1000,stock,minStock,status,image1,image2,image3,image4,image5,coverIndex,createdAt,updatedAt
,Gummies,JIGz,ขนม,CATEGORY:ขนม,,,ชิ้น,,75,,,,,,,10,,ACTIVE,https://drive.google.com/thumbnail?id=1LdbDqEx8SotiAAUVmC9Kqip4qOmsrJp1&sz=w1200,,,,,,,10/8/2026
,Brownies,JIGz,ขนม,CATEGORY:ขนม,,,ชิ้น,,85,,,,,,,,,ACTIVE,https://drive.google.com/thumbnail?id=1jmb2-4BrdKeLDaO5nxKpA4T47xFuptB6&sz=w1200,,,,,,,
,Cookie,JIGz,ขนม,CATEGORY:ขนม,,,ชิ้น,,80,,,,,,,,,ACTIVE,https://drive.google.com/thumbnail?id=12VxAyuELiezZxSkxo5owapJiPQVjHwCr&sz=w1200,,,,,,,
,Kitkat mini brownie,JIGz,ขนม,CATEGORY:ขนม,,,ชิ้น,,65,,,,,,,,,ACTIVE,https://drive.google.com/thumbnail?id=1E88Hf5ZKOce4-6MzLh4yBgvqCSZnFV9f&sz=w1200,,,,,,,
,Chocmeow0.5,JIGz,ขนม,CATEGORY:ขนม,,,ชิ้น,,90,,,,,,,,,ACTIVE,https://drive.google.com/thumbnail?id=1dZXXyUpRjpKnJlfMFHQmJBiRXwyj3SKE&sz=w1200,,,,,,,
,Chowmeow1.0,JIGz,ขนม,CATEGORY:ขนม,,,ชิ้น,,180,,,,,,,,,HIDDEN,https://drive.google.com/thumbnail?id=1vXwuCnUcKJADW83FDNy4F_96MN29goS2&sz=w1200,,,,,,,
,Chocbar5.0,JIGz,ขนม,CATEGORY:ขนม,,,ชิ้น,,850,,,,,,,,,ACTIVE,https://drive.google.com/thumbnail?id=19kfMH2kFWHtVxrNR0iWQ3Vfi8bOilZ93&sz=w1200,,,,,,,
,Sugar Baby,JIGz,TOP,FLOWER,,,กรัม,,60,,,,,,,,,ACTIVE,https://drive.google.com/thumbnail?id=1VcTqtu2w5qp_Blrm1-ksuzJXq4DCKSc0&sz=w1600,https://drive.google.com/thumbnail?id=1DZbFKB2usKOI8-wtk0vfY1YgOsrUthp7&sz=w1600,,,,,,
,Baby Sister (Evap),JIGz,TOP,FLOWER,,,กรัม,,10,,,,,,,,,ACTIVE,https://drive.google.com/thumbnail?id=1Icfo2dEqLwwD25AaYTGspXAWq5SkxL3u&sz=w1600,,,,,,,
,Ice Cream Cake (Evap),JIGz,TOP,FLOWER,,,กรัม,,10,,,,,,,,,ACTIVE,https://drive.google.com/thumbnail?id=1GL_TazckkWZ7OfgXZpPwdmVcYOFbX5Am&sz=w1600,https://drive.google.com/thumbnail?id=1CmhYvOcxZCnQCygYpn7VzJj9f4pzMejP&sz=w1600,,,,,,
,Tropicana Cherry,JIGz,POWDER,MATERIAL,,,กรัม,,10,,,,,,,,,ACTIVE,https://drive.google.com/thumbnail?id=1nvEIyWtFYcu5OcO2WqYSI0MHupA_lMw9&sz=w1600,https://drive.google.com/thumbnail?id=1B5JFYRUz0uTGhHwU3FoGo0lqSlHW9ZoU&sz=w1600,,,,,,
,Da Funk,JIGz,POWDER,MATERIAL,,,กรัม,,10,,,,,,,,,ACTIVE,https://drive.google.com/thumbnail?id=1A6cV1bY_rPo9OyPVwHvy0pdXzAVuvO1D&sz=w1600,https://drive.google.com/thumbnail?id=1QdypQoM_Jvr9KlpiJjq5HX3ONWz-y1AI&sz=w1600,https://drive.google.com/thumbnail?id=1ELmR6nmBDNbbtVi_JQWfwz7BNPaTXWE3&sz=w1600,,,,,
,Tropicana Cherry,JIGz,POP,FLOWER,,,กรัม,,40,,,,,,,,,ACTIVE,https://drive.google.com/thumbnail?id=1xrhbJOjxy_A6zqanI9dG2FYgROG1zozt&sz=w1600,https://drive.google.com/thumbnail?id=1GPJ41dHNbjKhYDV623-leb3tWdZjSqju&sz=w1600,,,,,,
,Cream Smoothie,JIGz,TOP,FLOWER,,,กรัม,,60,,,,,,,,,ACTIVE,https://drive.google.com/thumbnail?id=1ecYbvZWJZKXCZSa2vgioovpi5rlrvx0I&sz=w1600,https://drive.google.com/thumbnail?id=1goEcdjoMrtQW-CWuTm2JXkNgQc0GZypQ&sz=w1600,,,,,,
,Rainbow Fruit,JIGz,POP,FLOWER,,,กรัม,,40,,,,,,,,,ACTIVE,https://drive.google.com/thumbnail?id=1ybVfbF1WmrAC7ONgtgXY0dewPDVqcMHI&sz=w1600,https://drive.google.com/thumbnail?id=1dVV53n0h0uL4XCFbHsvu7WuKx3kY-k5t&sz=w1600,,,,,,
,Permanent Markers,JIGz,POP,FLOWER,,,กรัม,,40,,,,,,,,,ACTIVE,https://drive.google.com/thumbnail?id=1iLoXbVYT1XOpd0LgHAij36_W4lI_fn36&sz=w1600,https://drive.google.com/thumbnail?id=1VQVWJbMGN4cTG0qvcg4PiH-gPhhYS2ca&sz=w1600,https://drive.google.com/thumbnail?id=1S0s02ndszrTl6GomGzXt_hku4tW39px4&sz=w1600,https://drive.google.com/thumbnail?id=1vrsdMk7mCHl0iDjOOcb7wIB5Fsb36OL5&sz=w1600,,,,
,Route 65,JIGz,POP,FLOWER,,,กรัม,,40,,,,,,,,,ACTIVE,https://drive.google.com/thumbnail?id=1DLIQgzDt9wYYJ_O5e-DYuNX3RSdRw8BO&sz=w1600,https://drive.google.com/thumbnail?id=1dlty2W1zCrE_dhIWK_8pvKkI74qtU3Qs&sz=w1600,https://drive.google.com/thumbnail?id=1zw91r80Hh7Vr4A4NsNp5DwbrSCAJqxnt&sz=w1600,https://drive.google.com/thumbnail?id=1FQALD6xkQOMI5Gij9rF-GjsfB0RwQIlf&sz=w1600,,,,
,Midnight Delight,JIGz,TOP,FLOWER,,,กรัม,,60,,,,,,,,,ACTIVE,https://drive.google.com/thumbnail?id=18HomSXT0lJ0LD_RvCCvd1ouJBzVdnpfN&sz=w1600,https://drive.google.com/thumbnail?id=12YDqol9S6-Bf94r-QBnCBY2tP6nfpEbv&sz=w1600,https://drive.google.com/thumbnail?id=1jzj4x9WPxR5imQwCzW54nWubokQUQO6J&sz=w1600,,,,,
,Banana Drip,JIGz,POP,FLOWER,,,กรัม,,40,,,,,,,,,ACTIVE,https://drive.google.com/thumbnail?id=1n09-XeOGnowKHj6l9UeGapjP1OBHkmNU&sz=w1600,https://drive.google.com/thumbnail?id=1iW2ZmmwzufgYZ2y63M9m5R9DJIuZDVlT&sz=w1600,https://drive.google.com/thumbnail?id=1-QxZHkf2tJEbQmaeudHWxr31fg-zuCRt&sz=w1600,https://drive.google.com/thumbnail?id=1stzbg-hXkTdalNhTWDaJxuxypMDAduH5&sz=w1600,,,,
,Wizard Candy,JIGz,POP,FLOWER,,,กรัม,,40,,,,,,,,,ACTIVE,https://drive.google.com/thumbnail?id=1UWe0ESJIqmr7ZrvlDlNh5Z63V2VFG6Sl&sz=w1600,https://drive.google.com/thumbnail?id=12qsfoUGkeRhaGz2tyVWW4P741afnrhAr&sz=w1600,https://drive.google.com/thumbnail?id=12beI7yLqpTEomA99ioocEMl4xhiQIvDw&sz=w1600,,,,,
,Mokum’s Tulip,JIGz,POP,FLOWER,,,กรัม,,40,,,,,,,,,ACTIVE,https://drive.google.com/thumbnail?id=1KIou0-XigX_4tD2gwBcKZ1DehwbXNUDk&sz=w1600,https://drive.google.com/thumbnail?id=15-dMA-W_sTmwkhKeALIK51Tk3YOS2nEd&sz=w1600,https://drive.google.com/thumbnail?id=1ANqfLOPCHd4ePbj9zRNx0bD9uALZdYJc&sz=w1600,,,,,
,Grand Slam,JIGz,POP,FLOWER,,,กรัม,,40,,,,,,,,,ACTIVE,https://drive.google.com/thumbnail?id=1eQp7LOAZsJafXDtE1dF1mJohc4v7vQOA&sz=w1600,https://drive.google.com/thumbnail?id=1Z53vvayoeCTMWY4a6opDf0pt5Pmom26W&sz=w1600,,,,,,
,Egyptian Gold,JIGz,POP,FLOWER,,,กรัม,,40,,,,,,,,,ACTIVE,https://drive.google.com/thumbnail?id=1Hhro7wK_oN0adobqJ-BdagkwiL4vMO8D&sz=w1600,https://drive.google.com/thumbnail?id=1Cs0os_qC2GbM6GkblC8Ufc0MMGyANwNN&sz=w1600,,,,,,
,Ice Cream Zoap,JIGz,ทริม,CATEGORY:ทริม,,,กรัม,,15,,,,,,,,,ACTIVE,https://drive.google.com/thumbnail?id=1TI0vbCiED2MusA8JpUw5epuBtjupOa5V&sz=w1600,https://drive.google.com/thumbnail?id=1zDpjd6cC6MAcxa6QVVVKEC_iCeLjCk-o&sz=w1600,,,,,,
,Resin Block Berryz,JIGz,RESIN,EXTRACT,,,กรัม,,350,,,,,,,,,ACTIVE,https://drive.google.com/thumbnail?id=1CJX99Ps-C4lThvR5FJjoaVSB-62FUKcr&sz=w1600,https://drive.google.com/thumbnail?id=1nwvq88-PvYvsR1n_6ShS6EQj2-evt9qC&sz=w1600,,,,,,
,Rosin Zombie Bie Death Fxck,JIGz,ROSIN,EXTRACT,,,กรัม,,550,,,,,,,,,ACTIVE,https://drive.google.com/thumbnail?id=1yRTClZj50vHvTwet2pIcJHF5Uc34dZZV&sz=w1600,,,,,,,
,Golden Teacher,JIGz,🍄,CATEGORY:🍄,,,กรัม,,90,,,,,,,,,HIDDEN,https://drive.google.com/thumbnail?id=1SqlBfxtZ2Z5u3JNnogJDZdRO17CfEgzs&sz=w1600,,,,,,,
,MMR X APE MAGIC M,JIGz,🍄,CATEGORY:🍄,,,กรัม,,100,,,,,,,,,HIDDEN,https://drive.google.com/thumbnail?id=1j_vngHTJQBWDadbs7N7p0KAJW0O4dvIb&sz=w1600,,,,,,,
,Albino Penis Envy,JIGz,🍄,CATEGORY:🍄,,,กรัม,,120,,,,,,,,,HIDDEN,https://drive.google.com/thumbnail?id=1iYPMqFye_JjEzYtvjpeuWIJpXrVAjvEV&sz=w1600,,,,,,,
,Chocolate Krinkle Brains,JIGz,🍄,CATEGORY:🍄,,,กรัม,,160,,,,,,,,,HIDDEN,https://drive.google.com/thumbnail?id=17Mhyjz3VjzbzZHr6_J8ad_v_2l0vJl-R&sz=w1600,,,,,,,
,Super Lemon Haze,JIGz,TOP,FLOWER,,,กรัม,,60,,,,,,,,,ACTIVE,https://drive.google.com/thumbnail?id=1cRAoqhyfccyO4m-1JllBA1E8sY06Xx4b&sz=w1600,https://drive.google.com/thumbnail?id=1e_xFdx6zg-2lZNRS1c2OfpIY7IhaNANA&sz=w1600,https://drive.google.com/thumbnail?id=1SBaeoogiFx9cTQCM3uqcXBszXq266X-1&sz=w1600,,,,,
,Cosmic,JIGz,TOP,FLOWER,,,กรัม,,15,,,,,,,,,ACTIVE,,,,,,,,
,Galaxy Toad,JIGz,TOP,FLOWER,,,กรัม,,60,,,,,,,,,ACTIVE,,,,,,,,
,Persian pie,JIGz,POP,FLOWER,,,กรัม,,40,,,,,,,,,ACTIVE,,,,,,,,
,Super boof,JIGz,POP,FLOWER,,,กรัม,,40,,,,,,,,,ACTIVE,,,,,,,,
,Snow montana,JIGz,POP,FLOWER,,,กรัม,,40,,,,,,,,,ACTIVE,,,,,,,,
,Ricky bobby,JIGz,POP,FLOWER,,,กรัม,,40,,,,,,,,,ACTIVE,,,,,,,,
,Blue zushi,JIGz,POP,FLOWER,,,กรัม,,40,,,,,,,,,ACTIVE,,,,,,,,
,Route 66,JIGz,POP,FLOWER,,,กรัม,,40,,,,,,,,,ACTIVE,,,,,,,,
,Rs11 x LCG,JIGz,POP,FLOWER,,,กรัม,,40,,,,,,,,,ACTIVE,,,,,,,,
,Muay Thai,JIGz,POP,FLOWER,,,กรัม,,40,,,,,,,,,ACTIVE,,,,,,,,
,Apple Slapz,JIGz,POP,FLOWER,,,กรัม,,40,,,,,,,,,ACTIVE,,,,,,,,
,Rainbow belt,JIGz,POP,FLOWER,,,กรัม,,40,,,,,,,,,ACTIVE,,,,,,,,
,Teatime,JIGz,POP,FLOWER,,,กรัม,,40,,,,,,,,,ACTIVE,,,,,,,,
,Persian pie,JIGz,POWDER,MATERIAL,,,ชิ้น,,5,,,,,,,,,ACTIVE,,,,,,,,
,Sour lemon,JIGz,ทริม,CATEGORY:ทริม,,,ชิ้น,,3,,,,,,,,,ACTIVE,,,,,,,,
,Ice cream cake,JIGz,POWDER,MATERIAL,,,ชิ้น,,5,,,,,,,,,ACTIVE,,,,,,,,
,Dosidose,JIGz,POWDER,MATERIAL,,,ชิ้น,,5,,,,,,,,,ACTIVE,,,,,,,,
,Tropicana cherry #1,JIGz,POWDER,MATERIAL,,,ชิ้น,,15,,,,,,,,,ACTIVE,,,,,,,,
,Super boof #1,JIGz,ทริม,CATEGORY:ทริม,,,ชิ้น,,10,,,,,,,,,ACTIVE,,,,,,,,
,Super boof #2,JIGz,ทริม,CATEGORY:ทริม,,,ชิ้น,,15,,,,,,,,,ACTIVE,,,,,,,,
,Super boof #3,JIGz,POWDER,MATERIAL,,,ชิ้น,,20,,,,,,,,,ACTIVE,,,,,,,,
,Dosidose,JIGz,ทริม,CATEGORY:ทริม,,,ชิ้น,,10,,,,,,,,,ACTIVE,,,,,,,,
,Candy,JIGz,POWDER,MATERIAL,,,ชิ้น,,20,,,,,,,,,ACTIVE,,,,,,,,
,Sugar cane,JIGz,ทริม,CATEGORY:ทริม,,,ชิ้น,,10,,,,,,,,,ACTIVE,,,,,,,,
,ice cream zoap,JIGz,ทริม,CATEGORY:ทริม,,,ชิ้น,,20,,,,,,,,,ACTIVE,,,,,,,,
,Green,JIGz,อัด,CATEGORY:อัด,,,ชิ้น,,0,,,,,,,,,ACTIVE,,,,,,,,
,Bananas,JIGz,อัดแท่ง,CATEGORY:อัดแท่ง,,,ชิ้น,,0,,,,,,,,,ACTIVE,,,,,,,,
,Muhamed 2G V.3,JIGz,POD,CATEGORY:POD,,,ชิ้น,,1650,,,,,,,,,ACTIVE,https://drive.google.com/thumbnail?id=1GGrD5s7ZfU6gtKs9coSDo7rLIONUvUIr&sz=w1600,,,,,,,
,Big chif DUO V.3 2G,JIGz,POD,CATEGORY:POD,,,ชิ้น,,1990,,,,,,,,,ACTIVE,https://drive.google.com/thumbnail?id=1mL9ZW2qzqJ-8C1kZFVdXrioNOR8kgYH_&sz=w1600,,,,,,,
,Whole melt Dual Chamber 2G,JIGz,POD,CATEGORY:POD,,,ชิ้น,,1890,,,,,,,,,ACTIVE,https://drive.google.com/thumbnail?id=1i0l-uKecaqqEkxpqNOcsmqGpdFnp9i1d&sz=w1600,,,,,,,
,Packman x partyboyz 3G free roll,JIGz,POD,CATEGORY:POD,,,ชิ้น,,2300,,,,,,,,,ACTIVE,https://drive.google.com/thumbnail?id=12g5msi4Nu49vnrlNUdhIM9O-SsDx6rvw&sz=w1600,,,,,,,
,Fade V.3 2G free roll+gummie,JIGz,POD,CATEGORY:POD,,,ชิ้น,,1900,,,,,,,,,ACTIVE,https://drive.google.com/thumbnail?id=1ivmGBh0R_FmcHqzLqXqzcfcZ1WZwkshM&sz=w1600,,,,,,,
,Boutiq Switch V.5 3G,JIGz,POD,CATEGORY:POD,,,ชิ้น,,2100,,,,,,,,,ACTIVE,https://drive.google.com/thumbnail?id=1LQFLTeJVrHtDnBf4NmjaLcxVU6aoMPCj&sz=w1600,,,,,,,
,Stoner stix 2G free roll,JIGz,POD,CATEGORY:POD,,,ชิ้น,,1900,,,,,,,,,ACTIVE,https://drive.google.com/thumbnail?id=1Bi5Ua_zuSyMQwGHlYRRwmAki_HNIFwpd&sz=w1600,,,,,,,
,Gummies Shroom,JIGz,🍄,CATEGORY:🍄,,,ชิ้น,,180,,,,,,,,,HIDDEN,https://drive.google.com/thumbnail?id=18lNwGzftjE9uaHWdk6CeBK6hbyLFkydE&sz=w1600,,,,,,,
,Lean syrup,JIGz,ขนม,CATEGORY:ขนม,,,ชิ้น,,100,,,,,,,,,ACTIVE,https://drive.google.com/thumbnail?id=1_qmMntKXdNq84aXo4EfMHDbVCByHrOpA&sz=w1600,,,,,,,